Date,Open,High,Low,Close,Volume
2024-01-01 09:15:00,21727.8,21737.7,21684.1,21709.7,0
2024-01-01 10:15:00,21709.6,21742.7,21695.3,21741.2,0
2024-01-01 11:15:00,21740.9,21748.8,21719.5,21742.5,0
2024-01-01 12:15:00,21741.2,21751.3,21711.3,21737.9,0
2024-01-01 13:15:00,21737.8,21793.9,21736.8,21792.7,0
2024-01-01 14:15:00,21792.2,21834.3,21719.9,21725.3,0
2024-01-01 15:15:00,21725.9,21736.2,21680.8,21689.4,0
2024-01-02 09:15:00,21751.3,21755.6,21626.5,21661.8,0
2024-01-02 10:15:00,21660.9,21668.8,21555.7,21588.4,0
2024-01-02 11:15:00,21587.6,21620.4,21571.9,21612.4,0
2024-01-02 12:15:00,21613.7,21649.1,21601.7,21613.9,0
2024-01-02 13:15:00,21613.9,21668.3,21611.2,21662.3,0
2024-01-02 14:15:00,21662.6,21692.7,21633.0,21661.1,0
2024-01-02 15:15:00,21661.6,21673.6,21657.0,21661.5,0
2024-01-03 09:15:00,21661.1,21677.0,21556.7,21586.4,0
2024-01-03 10:15:00,21585.8,21589.4,21538.8,21567.6,0
2024-01-03 11:15:00,21567.9,21591.4,21548.2,21569.2,0
2024-01-03 12:15:00,21570.3,21576.5,21519.7,21571.7,0
2024-01-03 13:15:00,21572.3,21584.4,21556.7,21572.1,0
2024-01-03 14:15:00,21571.8,21572.2,21508.8,21515.1,0
2024-01-03 15:15:00,21515.8,21528.3,21500.3,21523.7,0
2024-01-04 09:15:00,21605.8,21634.2,21564.6,21631.5,0
2024-01-04 10:15:00,21631.3,21653.2,21626.7,21650.8,0
2024-01-04 11:15:00,21650.5,21659.3,21635.8,21642.1,0
2024-01-04 12:15:00,21642.8,21672.7,21641.0,21668.4,0
2024-01-04 13:15:00,21667.8,21674.3,21648.9,21654.7,0
2024-01-04 14:15:00,21654.9,21663.9,21638.7,21651.8,0
2024-01-04 15:15:00,21651.1,21685.7,21650.0,21669.6,0
2024-01-05 09:15:00,21705.8,21749.6,21698.2,21728.9,0
2024-01-05 10:15:00,21730.3,21742.8,21668.7,21693.2,0
2024-01-05 11:15:00,21692.4,21699.4,21665.9,21690.7,0
2024-01-05 12:15:00,21690.7,21706.3,21678.2,21695.8,0
2024-01-05 13:15:00,21695.7,21699.4,21642.9,21649.2,0
2024-01-05 14:15:00,21649.6,21725.4,21629.2,21715.1,0
2024-01-05 15:15:00,21715.6,21720.4,21681.7,21709.6,0
2024-01-08 09:15:00,21747.6,21763.9,21644.8,21692.9,0
2024-01-08 10:15:00,21692.8,21724.5,21600.1,21620.0,0
2024-01-08 11:15:00,21620.3,21643.2,21552.8,21586.2,0
2024-01-08 12:15:00,21585.8,21611.2,21566.1,21575.8,0
2024-01-08 13:15:00,21575.6,21599.8,21552.3,21587.2,0
2024-01-08 14:15:00,21586.9,21592.8,21499.1,21507.3,0
2024-01-08 15:15:00,21507.9,21517.0,21492.9,21511.3,0
2024-01-09 09:15:00,21653.6,21673.7,21594.4,21657.3,0
2024-01-09 10:15:00,21657.2,21712.6,21653.9,21695.8,0
2024-01-09 11:15:00,21694.9,21713.4,21676.0,21690.4,0
2024-01-09 12:15:00,21691.6,21724.4,21688.2,21706.3,0
2024-01-09 13:15:00,21706.8,21714.2,21649.0,21655.4,0
2024-01-09 14:15:00,21656.6,21661.9,21533.1,21542.1,0
2024-01-09 15:15:00,21543.2,21558.1,21517.8,21551.9,0
2024-01-10 09:15:00,21529.3,21564.8,21448.7,21541.8,0
2024-01-10 10:15:00,21542.7,21573.9,21512.1,21542.2,0
2024-01-10 11:15:00,21542.7,21559.2,21505.8,21522.7,0
2024-01-10 12:15:00,21522.1,21532.4,21468.4,21510.3,0
2024-01-10 13:15:00,21510.6,21541.9,21479.8,21531.9,0
2024-01-10 14:15:00,21531.9,21641.8,21509.8,21609.2,0
2024-01-10 15:15:00,21608.0,21632.6,21607.1,21625.4,0
2024-01-11 09:15:00,21688.0,21726.5,21654.7,21672.2,0
2024-01-11 10:15:00,21672.4,21683.3,21630.4,21654.8,0
2024-01-11 11:15:00,21655.3,21670.6,21643.9,21657.2,0
2024-01-11 12:15:00,21657.2,21681.8,21651.2,21673.3,0
2024-01-11 13:15:00,21673.8,21679.2,21594.1,21606.3,0
2024-01-11 14:15:00,21605.9,21664.9,21593.8,21646.6,0
2024-01-11 15:15:00,21646.4,21669.4,21642.3,21669.4,0
2024-01-12 09:15:00,21773.6,21817.2,21715.2,21804.5,0
2024-01-12 10:15:00,21804.2,21848.2,21797.8,21822.2,0
2024-01-12 11:15:00,21821.8,21846.2,21810.7,21827.6,0
2024-01-12 12:15:00,21827.4,21861.4,21822.1,21843.1,0
2024-01-12 13:15:00,21842.9,21897.1,21841.2,21879.1,0
2024-01-12 14:15:00,21879.6,21928.2,21852.6,21876.6,0
2024-01-12 15:15:00,21876.0,21917.2,21876.0,21908.2,0
2024-01-15 09:15:00,22053.2,22081.9,21963.6,22010.2,0
2024-01-15 10:15:00,22011.1,22047.9,22003.8,22042.1,0
2024-01-15 11:15:00,22041.9,22063.7,22026.6,22052.1,0
2024-01-15 12:15:00,22052.2,22069.4,22042.6,22059.8,0
2024-01-15 13:15:00,22059.6,22084.9,22026.5,22070.7,0
2024-01-15 14:15:00,22070.1,22104.6,22053.2,22086.9,0
2024-01-15 15:15:00,22086.1,22115.6,22085.1,22109.8,0
2024-01-16 09:15:00,22080.5,22107.9,22029.2,22100.7,0
2024-01-16 10:15:00,22101.0,22124.2,22082.1,22118.8,0
2024-01-16 11:15:00,22118.0,22120.8,22062.2,22077.8,0
2024-01-16 12:15:00,22076.6,22090.9,22008.8,22019.0,0
2024-01-16 13:15:00,22018.7,22057.8,21969.8,22049.4,0
2024-01-16 14:15:00,22049.1,22058.4,22006.1,22034.3,0
2024-01-16 15:15:00,22034.2,22036.6,22016.3,22031.6,0
2024-01-17 09:15:00,21647.2,21851.5,21636.9,21791.0,0
2024-01-17 10:15:00,21790.6,21794.0,21727.2,21740.7,0
2024-01-17 11:15:00,21740.2,21749.3,21632.1,21675.4,0
2024-01-17 12:15:00,21674.9,21693.1,21630.1,21632.9,0
2024-01-17 13:15:00,21632.9,21677.2,21612.1,21657.1,0
2024-01-17 14:15:00,21657.9,21661.7,21550.4,21589.8,0
2024-01-17 15:15:00,21588.8,21593.1,21555.9,21577.2,0
2024-01-18 09:15:00,21414.2,21474.4,21285.6,21391.3,0
2024-01-18 10:15:00,21391.8,21491.3,21356.6,21484.2,0
2024-01-18 11:15:00,21484.2,21526.7,21444.9,21521.8,0
2024-01-18 12:15:00,21522.8,21539.4,21436.9,21452.5,0
2024-01-18 13:15:00,21452.7,21472.0,21432.1,21454.3,0
2024-01-18 14:15:00,21454.9,21487.6,21418.0,21458.3,0
2024-01-18 15:15:00,21458.5,21485.2,21450.2,21477.2,0
2024-01-19 09:15:00,21615.2,21665.7,21597.3,21639.0,0
2024-01-19 10:15:00,21638.9,21670.6,21577.1,21586.9,0
2024-01-19 11:15:00,21585.3,21622.6,21575.0,21588.4,0
2024-01-19 12:15:00,21586.7,21629.2,21577.6,21627.9,0
2024-01-19 13:15:00,21626.8,21638.9,21587.7,21589.0,0
2024-01-19 14:15:00,21589.2,21640.1,21587.1,21619.8,0
2024-01-19 15:15:00,21619.2,21645.7,21616.8,21638.2,0
2024-01-20 09:15:00,21706.2,21720.3,21604.3,21643.8,0
2024-01-20 10:15:00,21643.8,21694.4,21640.7,21665.8,0
2024-01-20 11:15:00,21666.4,21669.7,21633.9,21648.1,0
2024-01-20 12:15:00,21648.3,21658.4,21578.8,21653.2,0
2024-01-20 13:15:00,21652.7,21663.3,21607.2,21609.6,0
2024-01-20 14:15:00,21611.1,21624.5,21541.8,21578.2,0
2024-01-20 15:15:00,21578.7,21591.2,21571.8,21586.9,0
2024-01-23 09:15:00,21716.7,21750.2,21629.1,21658.7,0
2024-01-23 10:15:00,21658.1,21679.9,21519.9,21557.6,0
2024-01-23 11:15:00,21556.6,21563.2,21372.1,21389.3,0
2024-01-23 12:15:00,21388.4,21434.8,21335.8,21353.2,0
2024-01-23 13:15:00,21353.1,21375.7,21301.2,21311.8,0
2024-01-23 14:15:00,21312.3,21313.2,21192.6,21239.5,0
2024-01-23 15:15:00,21239.2,21271.2,21234.7,21243.1,0
2024-01-24 09:15:00,21185.2,21399.2,21137.2,21329.1,0
2024-01-24 10:15:00,21329.5,21408.6,21329.5,21372.3,0
2024-01-24 11:15:00,21372.3,21388.6,21233.2,21248.2,0
2024-01-24 12:15:00,21249.2,21333.5,21213.7,21300.8,0
2024-01-24 13:15:00,21299.9,21353.8,21281.2,21340.7,0
2024-01-24 14:15:00,21340.6,21460.1,21324.9,21456.1,0
2024-01-24 15:15:00,21455.7,21482.3,21454.6,21460.7,0
2024-01-25 09:15:00,21454.6,21459.0,21355.1,21368.9,0
2024-01-25 10:15:00,21368.4,21371.4,21247.1,21265.5,0
2024-01-25 11:15:00,21266.2,21376.6,21258.8,21296.4,0
2024-01-25 12:15:00,21297.6,21308.3,21254.0,21284.2,0
2024-01-25 13:15:00,21285.7,21312.1,21257.8,21279.8,0
2024-01-25 14:15:00,21279.1,21360.0,21249.4,21343.3,0
2024-01-25 15:15:00,21343.1,21401.8,21339.4,21370.8,0
2024-01-29 09:15:00,21433.1,21590.4,21429.6,21573.4,0
2024-01-29 10:15:00,21573.3,21642.3,21570.0,21634.7,0
2024-01-29 11:15:00,21634.4,21665.8,21587.1,21662.1,0
2024-01-29 12:15:00,21662.3,21714.5,21649.8,21705.1,0
2024-01-29 13:15:00,21705.3,21745.6,21672.8,21721.0,0
2024-01-29 14:15:00,21721.2,21752.6,21687.2,21741.6,0
2024-01-29 15:15:00,21741.2,21763.2,21738.8,21744.8,0
2024-01-30 09:15:00,21775.8,21813.1,21689.1,21762.9,0
2024-01-30 10:15:00,21763.7,21770.9,21655.2,21681.4,0
2024-01-30 11:15:00,21681.7,21733.7,21662.7,21710.4,0
2024-01-30 12:15:00,21710.0,21715.3,21668.1,21675.8,0
2024-01-30 13:15:00,21675.4,21696.7,21632.4,21665.8,0
2024-01-30 14:15:00,21671.1,21671.1,21501.8,21527.3,0
2024-01-30 15:15:00,21527.6,21535.5,21513.5,21530.6,0
2024-01-31 09:15:00,21487.2,21609.8,21448.8,21604.4,0
2024-01-31 10:15:00,21603.1,21674.2,21589.3,21658.2,0
2024-01-31 11:15:00,21657.5,21739.8,21643.2,21716.8,0
2024-01-31 12:15:00,21717.0,21727.2,21651.6,21692.8,0
2024-01-31 13:15:00,21692.1,21711.3,21657.3,21685.8,0
2024-01-31 14:15:00,21685.8,21740.1,21660.8,21727.7,0
2024-01-31 15:15:00,21727.9,21741.3,21700.8,21708.3,0
2024-02-01 09:15:00,21780.7,21798.0,21694.6,21783.9,0
2024-02-01 10:15:00,21782.9,21832.9,21758.9,21783.2,0
2024-02-01 11:15:00,21785.7,21787.2,21658.8,21738.5,0
2024-02-01 12:15:00,21736.5,21766.1,21696.7,21730.2,0
2024-02-01 13:15:00,21731.1,21742.7,21678.3,21722.2,0
2024-02-01 14:15:00,21721.7,21730.9,21680.8,21681.4,0
2024-02-01 15:15:00,21681.2,21702.7,21674.3,21690.3,0
2024-02-02 09:15:00,21812.8,21963.4,21812.0,21937.8,0
2024-02-02 10:15:00,21937.7,22003.9,21915.9,21989.7,0
2024-02-02 11:15:00,21986.8,22126.8,21986.8,22058.8,0
2024-02-02 12:15:00,22058.6,22065.9,21841.1,21846.3,0
2024-02-02 13:15:00,21845.2,21902.8,21805.6,21892.8,0
2024-02-02 14:15:00,21893.6,21906.9,21826.4,21855.7,0
2024-02-02 15:15:00,21855.2,21856.3,21837.8,21855.4,0
2024-02-05 09:15:00,21921.1,21964.3,21833.4,21926.9,0
2024-02-05 10:15:00,21925.9,21939.3,21852.0,21919.3,0
2024-02-05 11:15:00,21918.8,21943.3,21897.7,21923.3,0
2024-02-05 12:15:00,21923.6,21952.5,21898.7,21936.8,0
2024-02-05 13:15:00,21936.8,21950.2,21874.4,21911.2,0
2024-02-05 14:15:00,21912.0,21915.8,21726.9,21771.5,0
2024-02-05 15:15:00,21771.8,21776.3,21752.1,21761.3,0
2024-02-06 09:15:00,21825.2,21877.1,21737.6,21853.6,0
2024-02-06 10:15:00,21854.8,21863.9,21776.0,21850.2,0
2024-02-06 11:15:00,21850.0,21902.8,21843.3,21898.2,0
2024-02-06 12:15:00,21898.1,21918.0,21868.7,21905.4,0
2024-02-06 13:15:00,21906.1,21936.1,21877.6,21914.9,0
2024-02-06 14:15:00,21915.8,21951.4,21897.1,21919.4,0
2024-02-06 15:15:00,21919.9,21947.6,21914.3,21938.8,0
2024-02-07 09:15:00,22045.1,22053.3,21963.8,22009.8,0
2024-02-07 10:15:00,22009.2,22021.1,21932.5,21963.2,0
2024-02-07 11:15:00,21963.1,21965.6,21860.2,21887.7,0
2024-02-07 12:15:00,21886.9,21927.2,21881.1,21906.7,0
2024-02-07 13:15:00,21906.6,21973.6,21889.3,21962.2,0
2024-02-07 14:15:00,21964.6,21983.6,21912.2,21933.6,0
2024-02-07 15:15:00,21932.4,21954.6,21920.5,21949.8,0
2024-02-08 09:15:00,22009.7,22011.1,21910.7,21939.7,0
2024-02-08 10:15:00,21937.8,21967.6,21709.6,21737.0,0
2024-02-08 11:15:00,21734.8,21811.3,21724.6,21804.1,0
2024-02-08 12:15:00,21804.1,21820.2,21765.1,21807.8,0
2024-02-08 13:15:00,21809.1,21814.6,21724.1,21727.8,0
2024-02-08 14:15:00,21727.9,21745.0,21665.3,21714.8,0
2024-02-08 15:15:00,21715.6,21760.8,21708.6,21759.7,0
2024-02-09 09:15:00,21727.0,21780.5,21648.2,21749.7,0
2024-02-09 10:15:00,21750.7,21750.7,21629.9,21679.5,0
2024-02-09 11:15:00,21680.3,21750.1,21644.8,21733.2,0
2024-02-09 12:15:00,21734.2,21768.6,21725.3,21753.3,0
2024-02-09 13:15:00,21753.0,21768.9,21710.1,21760.8,0
2024-02-09 14:15:00,21762.3,21804.4,21753.4,21782.8,0
2024-02-09 15:15:00,21783.9,21790.2,21772.5,21786.0,0
2024-02-12 09:15:00,21800.8,21831.7,21672.3,21690.2,0
2024-02-12 10:15:00,21690.0,21719.1,21628.8,21717.3,0
2024-02-12 11:15:00,21717.2,21728.2,21609.2,21637.2,0
2024-02-12 12:15:00,21639.1,21680.7,21574.8,21614.5,0
2024-02-12 13:15:00,21613.8,21691.6,21591.8,21688.3,0
2024-02-12 14:15:00,21687.8,21697.0,21586.9,21598.0,0
2024-02-12 15:15:00,21597.6,21632.6,21585.0,21612.6,0
2024-02-13 09:15:00,21664.3,21722.8,21543.3,21718.4,0
2024-02-13 10:15:00,21719.5,21766.8,21689.7,21764.3,0
2024-02-13 11:15:00,21763.1,21766.4,21646.9,21646.9,0
2024-02-13 12:15:00,21648.3,21720.1,21622.8,21686.1,0
2024-02-13 13:15:00,21685.2,21764.2,21680.2,21728.3,0
2024-02-13 14:15:00,21728.4,21761.6,21705.4,21753.9,0
2024-02-13 15:15:00,21754.2,21758.3,21717.8,21728.0,0
2024-02-14 09:15:00,21578.2,21622.8,21530.2,21620.4,0
2024-02-14 10:15:00,21623.2,21650.4,21589.3,21606.8,0
2024-02-14 11:15:00,21607.2,21631.3,21578.2,21619.2,0
2024-02-14 12:15:00,21618.6,21708.3,21618.6,21689.7,0
2024-02-14 13:15:00,21689.4,21720.7,21634.7,21718.9,0
2024-02-14 14:15:00,21718.7,21870.8,21713.4,21814.2,0
2024-02-14 15:15:00,21814.6,21856.2,21801.8,21848.7,0
2024-02-15 09:15:00,21906.6,21923.2,21794.8,21885.3,0
2024-02-15 10:15:00,21886.3,21902.3,21832.4,21868.5,0
2024-02-15 11:15:00,21868.3,21881.4,21840.6,21857.8,0
2024-02-15 12:15:00,21857.9,21874.8,21823.8,21861.2,0
2024-02-15 13:15:00,21861.8,21953.8,21838.7,21914.8,0
2024-02-15 14:15:00,21913.1,21928.8,21874.6,21909.8,0
2024-02-15 15:15:00,21910.8,21931.2,21907.5,21927.1,0
2024-02-16 09:15:00,22020.3,22037.7,21968.9,22036.7,0
2024-02-16 10:15:00,22036.4,22045.9,22013.7,22034.7,0
2024-02-16 11:15:00,22035.6,22050.7,22006.7,22047.4,0
2024-02-16 12:15:00,22046.8,22068.7,22022.8,22055.2,0
2024-02-16 13:15:00,22055.3,22065.6,22024.8,22045.3,0
2024-02-16 14:15:00,22045.4,22067.5,22023.2,22036.4,0
2024-02-16 15:15:00,22036.2,22043.3,22018.9,22035.7,0
2024-02-19 09:15:00,22103.45,22107.6,22021.05,22065.15,0
2024-02-19 10:15:00,22065.25,22128.35,22064.9,22125.2,0
2024-02-19 11:15:00,22125.65,22157.35,22108.4,22150.1,0
2024-02-19 12:15:00,22150.6,22167.25,22136.85,22165.1,0
2024-02-19 13:15:00,22165.8,22171.8,22132.0,22158.7,0
2024-02-19 14:15:00,22158.7,22185.5,22098.1,22117.75,0
2024-02-19 15:15:00,22117.75,22134.1,22112.7,22116.95,0
2024-02-20 09:15:00,22099.2,22120.2,22045.85,22097.95,0
2024-02-20 10:15:00,22099.2,22137.0,22083.05,22099.35,0
2024-02-20 11:15:00,22098.55,22177.5,22098.55,22159.8,0
2024-02-20 12:15:00,22159.35,22167.1,22141.85,22145.05,0
2024-02-20 13:15:00,22144.5,22173.6,22083.05,22123.8,0
2024-02-20 14:15:00,22123.15,22204.5,22121.45,22200.85,0
2024-02-20 15:15:00,22201.45,22215.6,22197.95,22208.15,0
2024-02-21 09:15:00,22248.85,22249.4,22189.8,22213.15,0
2024-02-21 10:15:00,22213.7,22229.45,22160.8,22208.0,0
2024-02-21 11:15:00,22207.75,22222.25,22175.95,22211.25,0
2024-02-21 12:15:00,22211.5,22241.5,22206.2,22220.35,0
2024-02-21 13:15:00,22219.9,22223.8,22105.4,22112.45,0
2024-02-21 14:15:00,22112.9,22140.35,21997.95,22095.05,0
2024-02-21 15:15:00,22095.55,22096.5,22015.55,22028.75,0
2024-02-22 09:15:00,22081.55,22094.3,21901.05,21935.5,0
2024-02-22 10:15:00,21935.75,21945.65,21875.25,21927.05,0
2024-02-22 11:15:00,21925.95,21981.8,21901.3,21964.75,0
2024-02-22 12:15:00,21964.8,21978.2,21940.3,21962.9,0
2024-02-22 13:15:00,21962.8,22110.25,21955.85,22056.65,0
2024-02-22 14:15:00,22054.75,22234.05,22043.7,22206.7,0
2024-02-22 15:15:00,22207.5,22252.5,22200.75,22216.9,0
2024-02-23 09:15:00,22290.0,22297.5,22216.35,22269.95,0
2024-02-23 10:15:00,22271.1,22280.75,22206.0,22236.7,0
2024-02-23 11:15:00,22236.65,22259.85,22223.3,22234.9,0
2024-02-23 12:15:00,22233.25,22269.8,22226.8,22252.45,0
2024-02-23 13:15:00,22252.75,22258.4,22200.45,22212.05,0
2024-02-23 14:15:00,22212.2,22251.3,22206.8,22213.25,0
2024-02-23 15:15:00,22214.15,22223.85,22186.1,22194.25,0
2024-02-26 09:15:00,22169.2,22202.15,22111.8,22148.35,0
2024-02-26 10:15:00,22149.2,22153.05,22100.9,22124.25,0
2024-02-26 11:15:00,22124.6,22132.8,22082.95,22096.7,0
2024-02-26 12:15:00,22096.25,22152.8,22075.15,22142.0,0
2024-02-26 13:15:00,22141.8,22173.85,22129.45,22153.95,0
2024-02-26 14:15:00,22154.4,22173.6,22114.3,22126.4,0
2024-02-26 15:15:00,22126.45,22128.6,22109.8,22117.15,0
2024-02-27 09:15:00,22099.75,22151.8,22085.65,22109.05,0
2024-02-27 10:15:00,22108.5,22158.65,22103.6,22145.1,0
2024-02-27 11:15:00,22144.65,22170.0,22109.0,22124.3,0
2024-02-27 12:15:00,22124.9,22209.75,22115.45,22205.95,0
2024-02-27 13:15:00,22204.55,22218.25,22132.4,22163.1,0
2024-02-27 14:15:00,22162.9,22216.6,22149.7,22203.9,0
2024-02-27 15:15:00,22203.55,22205.0,22178.35,22194.2,0
2024-02-28 09:15:00,22221.3,22229.15,22168.2,22219.0,0
2024-02-28 10:15:00,22218.95,22226.3,22021.15,22062.05,0
2024-02-28 11:15:00,22062.7,22088.45,22001.3,22038.3,0
2024-02-28 12:15:00,22039.05,22054.65,21938.9,21942.5,0
2024-02-28 13:15:00,21943.9,22050.25,21943.7,22044.85,0
2024-02-28 14:15:00,22044.6,22046.3,21945.8,21952.75,0
2024-02-28 15:15:00,21953.45,21953.6,21915.85,21926.25,0
2024-02-29 09:15:00,21938.7,22022.4,21866.15,21873.5,0
2024-02-29 10:15:00,21873.6,21971.55,21860.65,21967.85,0
2024-02-29 11:15:00,21967.6,21996.6,21923.0,21952.35,0
2024-02-29 12:15:00,21950.85,21974.25,21897.15,21969.95,0
2024-02-29 13:15:00,21968.2,21988.75,21936.35,21962.35,0
2024-02-29 14:15:00,21959.65,22004.25,21900.5,21996.7,0
2024-02-29 15:15:00,21996.05,22060.55,21995.6,22042.05,0
2024-03-01 09:15:00,22061.6,22201.1,22047.75,22196.95,0
2024-03-01 10:15:00,22196.45,22222.35,22172.45,22208.7,0
2024-03-01 11:15:00,22208.6,22304.0,22208.6,22286.45,0
2024-03-01 12:15:00,22287.0,22318.65,22277.3,22288.35,0
2024-03-01 13:15:00,22288.6,22335.95,22282.8,22330.6,0
2024-03-01 14:15:00,22329.85,22353.3,22315.65,22329.1,0
2024-03-01 15:15:00,22329.3,22343.3,22319.65,22326.05,0
2024-03-02 09:15:00,22406.95,22420.25,22366.95,22394.4,0
2024-03-02 11:30:00,22406.35,22410.35,22373.2,22375.55,0
2024-03-02 12:15:00,22375.85,22382.65,22372.2,22373.4,0
2024-03-04 09:15:00,22403.5,22440.9,22358.3,22395.4,0
2024-03-04 10:15:00,22395.0,22432.9,22372.85,22404.55,0
2024-03-04 11:15:00,22404.8,22423.9,22385.9,22403.3,0
2024-03-04 12:15:00,22401.0,22426.6,22372.75,22401.7,0
2024-03-04 13:15:00,22402.2,22430.7,22384.25,22428.2,0
2024-03-04 14:15:00,22428.5,22434.25,22396.3,22404.45,0
2024-03-04 15:15:00,22403.8,22414.8,22383.5,22397.65,0
2024-03-05 09:15:00,22371.25,22406.55,22319.55,22333.15,0
2024-03-05 10:15:00,22332.25,22332.35,22278.65,22288.65,0
2024-03-05 11:15:00,22288.95,22352.9,22269.15,22340.6,0
2024-03-05 12:15:00,22339.5,22416.9,22311.55,22391.55,0
2024-03-05 13:15:00,22391.25,22406.7,22340.0,22355.05,0
2024-03-05 14:15:00,22355.5,22384.05,22341.95,22353.65,0
2024-03-05 15:15:00,22353.55,22362.6,22340.6,22358.5,0
2024-03-06 09:15:00,22327.5,22369.45,22250.2,22315.0,0
2024-03-06 10:15:00,22315.45,22352.8,22260.2,22273.25,0
2024-03-06 11:15:00,22274.75,22302.2,22224.35,22259.2,0
2024-03-06 12:15:00,22260.05,22301.25,22236.35,22298.0,0
2024-03-06 13:15:00,22297.85,22412.75,22273.35,22403.45,0
2024-03-06 14:15:00,22404.35,22483.05,22392.15,22473.3,0
2024-03-06 15:15:00,22472.5,22497.2,22466.75,22480.05,0
2024-03-07 09:15:00,22505.3,22523.65,22449.3,22486.95,0
2024-03-07 10:15:00,22486.5,22521.3,22430.0,22498.65,0
2024-03-07 11:15:00,22498.0,22508.15,22470.05,22486.6,0
2024-03-07 12:15:00,22487.25,22517.65,22472.6,22509.15,0
2024-03-07 13:15:00,22507.8,22525.65,22485.05,22499.2,0
2024-03-07 14:15:00,22498.85,22522.05,22475.7,22500.75,0
2024-03-07 15:15:00,22501.1,22504.9,22464.5,22483.5,0
2024-03-11 09:15:00,22517.5,22526.6,22429.65,22431.7,0
2024-03-11 10:15:00,22430.85,22461.7,22411.3,22417.25,0
2024-03-11 11:15:00,22416.55,22439.45,22366.85,22373.55,0
2024-03-11 12:15:00,22373.05,22423.1,22369.55,22392.95,0
2024-03-11 13:15:00,22393.5,22426.05,22375.75,22376.05,0
2024-03-11 14:15:00,22376.1,22408.65,22308.25,22323.7,0
2024-03-11 15:15:00,22322.2,22337.4,22307.25,22319.85,0
2024-03-12 09:15:00,22334.45,22450.6,22315.0,22437.75,0
2024-03-12 10:15:00,22439.4,22452.55,22256.0,22361.05,0
2024-03-12 11:15:00,22362.15,22392.4,22313.8,22359.55,0
2024-03-12 12:15:00,22359.85,22385.95,22335.0,22378.9,0
2024-03-12 13:15:00,22379.2,22402.1,22365.15,22369.45,0
2024-03-12 14:15:00,22368.5,22381.4,22305.6,22331.65,0
2024-03-12 15:15:00,22329.95,22342.65,22325.05,22332.7,0
2024-03-13 09:15:00,22432.2,22446.75,22260.75,22336.15,0
2024-03-13 10:15:00,22334.5,22344.15,22224.9,22239.0,0
2024-03-13 11:15:00,22239.8,22252.05,22074.8,22080.2,0
2024-03-13 12:15:00,22080.7,22126.1,22040.7,22109.55,0
2024-03-13 13:15:00,22108.65,22118.9,21997.75,22004.2,0
2024-03-13 14:15:00,22001.7,22049.05,21905.65,21969.85,0
2024-03-13 15:15:00,21969.9,22010.95,21963.95,21981.05,0
2024-03-14 09:15:00,21982.55,22045.85,21917.5,22010.75,0
2024-03-14 10:15:00,22011.15,22098.5,22003.7,22083.5,0
2024-03-14 11:15:00,22084.4,22187.3,22067.1,22174.9,0
2024-03-14 12:15:00,22175.05,22204.6,22128.0,22157.4,0
2024-03-14 13:15:00,22156.9,22168.7,22080.45,22102.0,0
2024-03-14 14:15:00,22101.45,22156.1,22096.65,22144.25,0
2024-03-14 15:15:00,22143.1,22163.7,22134.7,22153.05,0
2024-03-15 09:15:00,22064.85,22120.9,21981.3,22013.1,0
2024-03-15 10:15:00,22013.35,22024.05,21934.1,21954.5,0
2024-03-15 11:15:00,21956.0,21989.05,21931.7,21949.4,0
2024-03-15 12:15:00,21949.7,21995.35,21937.95,21994.05,0
2024-03-15 13:15:00,21992.55,22040.5,21976.15,22010.55,0
2024-03-15 14:15:00,22011.45,22052.85,21978.35,22009.2,0
2024-03-15 15:15:00,22008.25,22047.05,21985.4,21996.35,0
2024-03-18 09:15:00,21990.1,22045.3,21935.95,21977.2,0
2024-03-18 10:15:00,21978.5,22040.25,21949.25,21949.7,0
2024-03-18 11:15:00,21948.75,22051.05,21916.55,22034.1,0
2024-03-18 12:15:00,22034.6,22093.5,22034.1,22071.55,0
2024-03-18 13:15:00,22073.85,22082.1,22046.35,22062.4,0
2024-03-18 14:15:00,22064.15,22123.7,22037.45,22056.2,0
2024-03-18 15:15:00,22055.0,22068.35,22036.3,22051.5,0
2024-03-19 09:15:00,21946.45,21978.3,21856.7,21890.75,0
2024-03-19 10:15:00,21891.2,21895.1,21833.25,21861.8,0
2024-03-19 11:15:00,21861.25,21882.35,21808.45,21828.05,0
2024-03-19 12:15:00,21828.55,21868.25,21824.55,21858.95,0
2024-03-19 13:15:00,21859.95,21872.45,21809.55,21816.55,0
2024-03-19 14:15:00,21816.85,21853.6,21793.1,21811.5,0
2024-03-19 15:15:00,21811.05,21821.15,21804.25,21810.35,0
2024-03-20 09:15:00,21843.9,21891.7,21756.75,21765.05,0
2024-03-20 10:15:00,21765.0,21801.2,21710.2,21790.75,0
2024-03-20 11:15:00,21790.9,21863.1,21760.2,21834.45,0
2024-03-20 12:15:00,21837.65,21913.65,21830.85,21908.45,0
2024-03-20 13:15:00,21911.55,21930.9,21838.95,21855.35,0
2024-03-20 14:15:00,21856.7,21879.3,21813.95,21842.25,0
2024-03-20 15:15:00,21842.1,21858.45,21831.65,21855.1,0
2024-03-21 09:15:00,21989.9,22079.65,21977.0,22068.1,0
2024-03-21 10:15:00,22067.35,22080.95,22045.2,22073.95,0
2024-03-21 11:15:00,22073.9,22075.05,21947.45,21951.45,0
2024-03-21 12:15:00,21951.75,22015.3,21941.3,22003.6,0
2024-03-21 13:15:00,22002.35,22030.45,21987.3,21998.5,0
2024-03-21 14:15:00,21999.75,22036.95,21982.6,22028.4,0
2024-03-21 15:15:00,22025.1,22038.25,22011.6,22014.6,0
2024-03-22 09:15:00,21932.2,22040.6,21883.3,22030.9,0
2024-03-22 10:15:00,22029.6,22075.5,22018.3,22051.35,0
2024-03-22 11:15:00,22051.6,22102.95,22049.45,22076.55,0
2024-03-22 12:15:00,22076.3,22118.5,22060.45,22106.25,0
2024-03-22 13:15:00,22106.3,22115.9,22078.3,22105.0,0
2024-03-22 14:15:00,22104.25,22180.7,22063.8,22079.65,0
2024-03-22 15:15:00,22081.6,22095.0,22069.8,22080.8,0
2024-03-26 09:15:00,21947.9,22073.2,21947.55,22023.9,0
2024-03-26 10:15:00,22024.15,22064.8,22011.65,22034.7,0
2024-03-26 11:15:00,22034.55,22062.2,22023.7,22031.6,0
2024-03-26 12:15:00,22031.2,22072.55,22029.65,22056.95,0
2024-03-26 13:15:00,22057.75,22065.3,22029.05,22044.75,0
2024-03-26 14:15:00,22044.7,22050.6,21992.3,22003.8,0
2024-03-26 15:15:00,22004.1,22030.2,21996.35,22019.8,0
2024-03-27 09:15:00,22053.95,22161.15,22052.85,22146.45,0
2024-03-27 10:15:00,22147.1,22172.4,22133.0,22157.2,0
2024-03-27 11:15:00,22157.05,22183.35,22154.25,22165.25,0
2024-03-27 12:15:00,22164.7,22176.8,22148.0,22159.65,0
2024-03-27 13:15:00,22159.1,22193.6,22159.1,22188.75,0
2024-03-27 14:15:00,22188.6,22191.4,22093.3,22116.15,0
2024-03-27 15:15:00,22117.8,22159.35,22109.65,22147.2,0
2024-03-28 09:15:00,22163.6,22317.5,22163.6,22306.25,0
2024-03-28 10:15:00,22306.05,22370.85,22278.5,22367.3,0
2024-03-28 11:15:00,22366.85,22373.5,22321.05,22334.2,0
2024-03-28 12:15:00,22334.15,22434.85,22327.5,22408.65,0
2024-03-28 13:15:00,22409.8,22474.75,22405.95,22467.95,0
2024-03-28 14:15:00,22468.05,22516.0,22264.95,22268.9,0
2024-03-28 15:15:00,22270.2,22343.7,22264.65,22343.1,0
2024-04-01 09:15:00,22455.0,22529.95,22443.35,22503.65,0
2024-04-01 10:15:00,22503.8,22512.75,22453.3,22479.45,0
2024-04-01 11:15:00,22479.8,22491.5,22459.7,22462.2,0
2024-04-01 12:15:00,22461.95,22483.25,22427.75,22445.75,0
2024-04-01 13:15:00,22445.8,22473.3,22445.05,22454.5,0
2024-04-01 14:15:00,22456.1,22467.5,22433.5,22464.05,0
2024-04-01 15:15:00,22465.6,22477.7,22456.5,22469.05,0
2024-04-02 09:15:00,22458.8,22497.6,22414.35,22433.6,0
2024-04-02 10:15:00,22434.0,22448.35,22388.15,22432.4,0
2024-04-02 11:15:00,22430.4,22445.15,22413.95,22424.5,0
2024-04-02 12:15:00,22424.15,22432.15,22408.2,22409.05,0
2024-04-02 13:15:00,22409.65,22423.15,22393.05,22414.0,0
2024-04-02 14:15:00,22414.15,22461.55,22410.1,22452.3,0
2024-04-02 15:15:00,22451.45,22470.3,22450.95,22464.3,0
2024-04-03 09:15:00,22385.7,22457.65,22346.5,22448.6,0
2024-04-03 10:15:00,22448.15,22466.65,22419.1,22447.7,0
2024-04-03 11:15:00,22447.6,22480.7,22445.1,22479.0,0
2024-04-03 12:15:00,22479.75,22521.1,22471.75,22485.3,0
2024-04-03 13:15:00,22484.5,22508.75,22459.1,22494.95,0
2024-04-03 14:15:00,22496.15,22500.75,22423.45,22430.7,0
2024-04-03 15:15:00,22430.75,22447.1,22423.5,22445.55,0
2024-04-04 09:15:00,22592.1,22619.0,22373.75,22376.1,0
2024-04-04 10:15:00,22373.75,22450.3,22303.8,22417.45,0
2024-04-04 11:15:00,22419.35,22429.05,22350.85,22385.3,0
2024-04-04 12:15:00,22385.45,22491.35,22377.0,22481.05,0
2024-04-04 13:15:00,22481.45,22580.2,22470.4,22530.3,0
2024-04-04 14:15:00,22529.6,22568.1,22486.7,22507.25,0
2024-04-04 15:15:00,22506.65,22553.95,22506.65,22541.2,0
2024-04-05 09:15:00,22486.4,22502.65,22427.6,22474.6,0
2024-04-05 10:15:00,22473.9,22515.35,22458.95,22514.4,0
2024-04-05 11:15:00,22514.8,22517.1,22473.05,22498.85,0
2024-04-05 12:15:00,22498.8,22511.85,22475.7,22484.85,0
2024-04-05 13:15:00,22485.05,22528.9,22479.1,22504.05,0
2024-04-05 14:15:00,22504.4,22521.1,22487.25,22515.45,0
2024-04-05 15:15:00,22514.4,22537.6,22501.5,22523.4,0
2024-04-08 09:15:00,22578.35,22630.85,22550.35,22626.25,0
2024-04-08 10:15:00,22627.15,22634.3,22605.9,22623.85,0
2024-04-08 11:15:00,22624.35,22656.25,22622.3,22653.25,0
2024-04-08 12:15:00,22653.65,22696.5,22651.15,22695.25,0
2024-04-08 13:15:00,22695.35,22697.3,22634.15,22660.9,0
2024-04-08 14:15:00,22661.0,22688.25,22655.45,22671.15,0
2024-04-08 15:15:00,22671.1,22674.35,22657.85,22661.0,0
2024-04-09 09:15:00,22765.1,22765.3,22675.25,22749.05,0
2024-04-09 10:15:00,22749.25,22768.4,22727.2,22729.65,0
2024-04-09 11:15:00,22729.6,22757.5,22708.85,22720.5,0
2024-04-09 12:15:00,22720.1,22727.5,22668.95,22683.55,0
2024-04-09 13:15:00,22683.05,22685.85,22616.1,22617.5,0
2024-04-09 14:15:00,22618.8,22671.9,22612.25,22641.55,0
2024-04-09 15:15:00,22642.05,22652.7,22639.15,22642.05,0
2024-04-10 09:15:00,22720.25,22727.25,22678.7,22706.75,0
2024-04-10 10:15:00,22706.6,22720.05,22690.35,22706.2,0
2024-04-10 11:15:00,22705.6,22708.45,22673.7,22705.9,0
2024-04-10 12:15:00,22705.75,22721.15,22691.4,22714.9,0
2024-04-10 13:15:00,22714.65,22745.3,22709.8,22721.3,0
2024-04-10 14:15:00,22721.4,22775.7,22718.3,22752.0,0
2024-04-10 15:15:00,22753.75,22755.65,22730.6,22735.05,0
2024-04-12 09:15:00,22677.4,22726.45,22624.85,22641.7,0
2024-04-12 10:15:00,22642.3,22666.75,22627.65,22657.85,0
2024-04-12 11:15:00,22657.7,22698.2,22656.1,22687.95,0
2024-04-12 12:15:00,22688.05,22690.3,22544.2,22568.05,0
2024-04-12 13:15:00,22568.5,22591.5,22538.7,22544.7,0
2024-04-12 14:15:00,22544.95,22563.75,22510.8,22515.85,0
2024-04-12 15:15:00,22515.8,22524.05,22503.75,22519.4,0
2024-04-15 09:15:00,22339.05,22377.5,22263.55,22360.3,0
2024-04-15 10:15:00,22360.65,22427.45,22344.85,22361.9,0
2024-04-15 11:15:00,22361.45,22399.45,22355.9,22398.85,0
2024-04-15 12:15:00,22399.0,22404.05,22321.6,22338.3,0
2024-04-15 13:15:00,22339.0,22354.3,22320.9,22334.15,0
2024-04-15 14:15:00,22334.3,22343.25,22259.55,22270.0,0
2024-04-15 15:15:00,22271.5,22291.3,22262.55,22277.45,0
2024-04-16 09:15:00,22125.3,22213.75,22103.85,22191.4,0
2024-04-16 10:15:00,22190.65,22209.4,22156.7,22201.05,0
2024-04-16 11:15:00,22201.55,22209.05,22149.95,22169.75,0
2024-04-16 12:15:00,22169.4,22173.2,22099.2,22100.25,0
2024-04-16 13:15:00,22099.3,22154.3,22079.45,22143.05,0
2024-04-16 14:15:00,22142.65,22169.75,22108.7,22168.9,0
2024-04-16 15:15:00,22168.3,22180.05,22153.8,22177.45,0
2024-04-18 09:15:00,22212.35,22270.65,22163.45,22178.15,0
2024-04-18 10:15:00,22176.9,22295.55,22153.8,22283.0,0
2024-04-18 11:15:00,22283.7,22308.5,22264.3,22292.15,0
2024-04-18 12:15:00,22292.35,22326.5,22282.2,22291.45,0
2024-04-18 13:15:00,22291.05,22305.4,22080.95,22137.85,0
2024-04-18 14:15:00,22139.0,22171.3,21961.8,21965.65,0
2024-04-18 15:15:00,21966.05,22047.85,21961.7,22045.75,0
2024-04-19 09:15:00,21861.5,21902.8,21777.65,21884.75,0
2024-04-19 10:15:00,21886.15,21889.85,21850.2,21870.7,0
2024-04-19 11:15:00,21871.5,21937.15,21866.7,21934.2,0
2024-04-19 12:15:00,21934.0,22052.9,21926.75,22044.9,0
2024-04-19 13:15:00,22043.9,22178.5,22009.65,22149.8,0
2024-04-19 14:15:00,22149.2,22179.55,22100.6,22162.3,0
2024-04-19 15:15:00,22163.1,22166.0,22129.05,22149.7,0
2024-04-22 09:15:00,22336.9,22337.1,22198.15,22246.05,0
2024-04-22 10:15:00,22246.2,22297.4,22229.55,22283.7,0
2024-04-22 11:15:00,22284.2,22312.1,22273.6,22286.7,0
2024-04-22 12:15:00,22285.95,22299.65,22257.5,22273.8,0
2024-04-22 13:15:00,22274.15,22302.05,22258.25,22292.35,0
2024-04-22 14:15:00,22290.9,22349.7,22272.9,22347.4,0
2024-04-22 15:15:00,22345.35,22375.65,22334.9,22370.5,0
2024-04-23 09:15:00,22447.05,22447.55,22368.45,22417.65,0
2024-04-23 10:15:00,22417.45,22419.4,22355.85,22381.4,0
2024-04-23 11:15:00,22382.25,22423.25,22378.7,22420.8,0
2024-04-23 12:15:00,22420.75,22423.6,22369.15,22382.45,0
2024-04-23 13:15:00,22382.15,22405.3,22358.4,22396.45,0
2024-04-23 14:15:00,22396.5,22412.6,22359.2,22377.5,0
2024-04-23 15:15:00,22378.95,22378.95,22349.45,22361.0,0
2024-04-24 09:15:00,22421.55,22449.9,22399.85,22435.1,0
2024-04-24 10:15:00,22436.4,22476.45,22435.9,22459.25,0
2024-04-24 11:15:00,22458.75,22468.1,22438.3,22459.95,0
2024-04-24 12:15:00,22460.1,22463.3,22432.95,22448.9,0
2024-04-24 13:15:00,22447.75,22458.95,22437.85,22449.4,0
2024-04-24 14:15:00,22449.6,22453.15,22384.0,22401.75,0
2024-04-24 15:15:00,22401.65,22414.95,22397.1,22412.2,0
2024-04-25 09:15:00,22316.9,22458.4,22305.25,22457.15,0
2024-04-25 10:15:00,22454.2,22475.55,22339.75,22433.15,0
2024-04-25 11:15:00,22433.55,22435.35,22381.65,22396.7,0
2024-04-25 12:15:00,22397.8,22462.9,22380.4,22452.15,0
2024-04-25 13:15:00,22452.9,22600.0,22428.9,22577.25,0
2024-04-25 14:15:00,22576.4,22625.95,22566.55,22570.25,0
2024-04-25 15:15:00,22571.05,22576.1,22549.4,22559.25,0
2024-04-26 09:15:00,22620.4,22620.4,22516.35,22538.15,0
2024-04-26 10:15:00,22537.3,22555.5,22507.5,22515.9,0
2024-04-26 11:15:00,22517.4,22550.45,22511.05,22524.75,0
2024-04-26 12:15:00,22523.65,22530.45,22490.75,22509.95,0
2024-04-26 13:15:00,22508.35,22512.75,22419.9,22445.25,0
2024-04-26 14:15:00,22446.45,22464.3,22385.55,22408.25,0
2024-04-26 15:15:00,22408.7,22461.6,22408.6,22450.2,0
2024-04-29 09:15:00,22475.55,22532.5,22441.9,22480.6,0
2024-04-29 10:15:00,22482.75,22546.95,22478.7,22536.85,0
2024-04-29 11:15:00,22536.35,22571.55,22525.6,22558.7,0
2024-04-29 12:15:00,22555.8,22580.65,22546.7,22575.8,0
2024-04-29 13:15:00,22574.9,22623.8,22566.05,22611.15,0
2024-04-29 14:15:00,22611.6,22655.8,22599.55,22653.05,0
2024-04-29 15:15:00,22653.3,22653.75,22626.45,22633.15,0
2024-04-30 09:15:00,22679.65,22754.85,22661.8,22727.25,0
2024-04-30 10:15:00,22729.7,22769.1,22709.75,22734.3,0
2024-04-30 11:15:00,22735.25,22750.75,22721.15,22745.25,0
2024-04-30 12:15:00,22744.5,22756.1,22706.55,22714.7,0
2024-04-30 13:15:00,22715.0,22779.75,22707.8,22768.05,0
2024-04-30 14:15:00,22767.35,22783.35,22600.6,22603.55,0
2024-04-30 15:15:00,22602.45,22603.8,22568.4,22587.75,0
2024-05-02 09:15:00,22567.85,22680.35,22567.85,22670.75,0
2024-05-02 10:15:00,22667.45,22693.75,22655.2,22659.2,0
2024-05-02 11:15:00,22657.9,22706.9,22631.05,22692.6,0
2024-05-02 12:15:00,22692.25,22704.7,22662.6,22684.4,0
2024-05-02 13:15:00,22684.25,22710.5,22668.55,22679.55,0
2024-05-02 14:15:00,22678.45,22691.9,22633.45,22641.65,0
2024-05-02 15:15:00,22639.35,22661.95,22633.65,22656.75,0
2024-05-03 09:15:00,22766.35,22794.7,22675.75,22681.4,0
2024-05-03 10:15:00,22682.6,22696.7,22583.45,22606.05,0
2024-05-03 11:15:00,22604.95,22607.05,22454.8,22476.55,0
2024-05-03 12:15:00,22476.0,22548.35,22396.6,22415.15,0
2024-05-03 13:15:00,22412.3,22443.7,22348.05,22408.8,0
2024-05-03 14:15:00,22407.55,22492.95,22380.5,22490.6,0
2024-05-03 15:15:00,22491.65,22503.85,22450.45,22456.7,0
2024-05-06 09:15:00,22561.6,22588.8,22433.3,22466.35,0
2024-05-06 10:15:00,22468.15,22542.7,22439.8,22494.1,0
2024-05-06 11:15:00,22493.4,22525.4,22462.0,22520.95,0
2024-05-06 12:15:00,22521.45,22526.45,22438.45,22439.4,0
2024-05-06 13:15:00,22439.6,22474.25,22412.3,22439.85,0
2024-05-06 14:15:00,22438.9,22487.3,22409.45,22441.0,0
2024-05-06 15:15:00,22440.85,22463.2,22434.3,22458.0,0
2024-05-07 09:15:00,22489.75,22499.05,22376.0,22398.6,0
2024-05-07 10:15:00,22397.6,22398.35,22298.9,22304.0,0
2024-05-07 11:15:00,22304.35,22305.35,22232.05,22279.65,0
2024-05-07 12:15:00,22279.0,22306.2,22237.05,22239.7,0
2024-05-07 13:15:00,22239.95,22330.4,22237.3,22320.55,0
2024-05-07 14:15:00,22321.15,22323.3,22256.2,22308.7,0
2024-05-07 15:15:00,22308.05,22314.7,22295.3,22304.5,0
2024-05-08 09:15:00,22231.2,22291.8,22185.6,22279.7,0
2024-05-08 10:15:00,22280.25,22281.3,22185.2,22235.0,0
2024-05-08 11:15:00,22235.85,22340.05,22235.0,22331.75,0
2024-05-08 12:15:00,22332.1,22359.05,22303.35,22336.8,0
2024-05-08 13:15:00,22336.7,22368.65,22259.7,22275.25,0
2024-05-08 14:15:00,22275.05,22315.6,22244.35,22301.95,0
2024-05-08 15:15:00,22301.85,22317.55,22293.0,22306.75,0
2024-05-09 09:15:00,22224.8,22307.75,22188.35,22194.4,0
2024-05-09 10:15:00,22194.45,22210.25,22125.45,22138.8,0
2024-05-09 11:15:00,22138.4,22177.45,22122.05,22165.95,0
2024-05-09 12:15:00,22165.85,22186.15,22030.95,22057.95,0
2024-05-09 13:15:00,22058.3,22081.95,22021.05,22061.75,0
2024-05-09 14:15:00,22061.0,22076.9,21942.5,21943.0,0
2024-05-09 15:15:00,21943.2,21968.15,21932.4,21968.15,0
2024-05-10 09:15:00,21990.95,22120.25,21950.3,22110.1,0
2024-05-10 10:15:00,22109.5,22131.3,22012.95,22056.3,0
2024-05-10 11:15:00,22056.15,22093.75,22015.45,22032.3,0
2024-05-10 12:15:00,22032.5,22042.2,21985.15,21992.5,0
2024-05-10 13:15:00,21992.35,22062.4,21985.2,22027.05,0
2024-05-10 14:15:00,22026.85,22072.4,22009.15,22054.6,0
2024-05-10 15:15:00,22054.2,22067.45,22041.4,22054.0,0
2024-05-13 09:15:00,22027.95,22067.3,21828.4,21886.1,0
2024-05-13 10:15:00,21885.2,21921.55,21821.05,21911.1,0
2024-05-13 11:15:00,21911.05,21990.55,21910.7,21985.4,0
2024-05-13 12:15:00,21986.85,22041.0,21967.0,22029.2,0
2024-05-13 13:15:00,22029.1,22111.65,21934.0,22103.05,0
2024-05-13 14:15:00,22103.4,22130.7,22070.55,22098.45,0
2024-05-13 15:15:00,22098.7,22131.65,22092.15,22119.4,0
2024-05-14 09:15:00,22112.9,22182.7,22081.25,22099.1,0
2024-05-14 10:15:00,22099.2,22180.65,22098.8,22178.9,0
2024-05-14 11:15:00,22179.05,22202.15,22155.75,22185.3,0
2024-05-14 12:15:00,22185.65,22236.85,22167.0,22220.45,0
2024-05-14 13:15:00,22220.35,22270.05,22202.2,22250.85,0
2024-05-14 14:15:00,22250.7,22266.4,22195.4,22222.05,0
2024-05-14 15:15:00,22221.1,22226.95,22214.3,22223.8,0
2024-05-15 09:15:00,22255.6,22297.55,22168.9,22189.6,0
2024-05-15 10:15:00,22190.4,22254.9,22151.75,22230.35,0
2024-05-15 11:15:00,22230.45,22239.25,22164.5,22204.05,0
2024-05-15 12:15:00,22203.85,22217.3,22175.55,22191.9,0
2024-05-15 13:15:00,22191.2,22225.8,22164.3,22211.45,0
2024-05-15 14:15:00,22210.4,22233.55,22182.15,22205.05,0
2024-05-15 15:15:00,22203.45,22214.95,22188.9,22210.4,0
2024-05-16 09:15:00,22319.2,22330.0,22216.35,22244.45,0
2024-05-16 10:15:00,22244.7,22250.75,22127.35,22147.1,0
2024-05-16 11:15:00,22146.75,22290.35,22105.95,22289.5,0
2024-05-16 12:15:00,22291.15,22303.55,22103.8,22128.15,0
2024-05-16 13:15:00,22128.55,22137.2,22054.55,22065.5,0
2024-05-16 14:15:00,22065.1,22408.75,22060.45,22403.25,0
2024-05-16 15:15:00,22403.45,22432.25,22388.8,22392.35,0
2024-05-17 09:15:00,22415.25,22431.25,22345.65,22391.8,0
2024-05-17 10:15:00,22390.85,22473.7,22382.75,22469.3,0
2024-05-17 11:15:00,22469.2,22490.8,22441.5,22458.1,0
2024-05-17 12:15:00,22458.55,22486.45,22441.45,22474.6,0
2024-05-17 13:15:00,22474.0,22502.15,22455.8,22482.1,0
2024-05-17 14:15:00,22483.1,22491.55,22443.5,22474.4,0
2024-05-17 15:15:00,22473.4,22485.75,22461.0,22465.55,0
2024-05-18 09:15:00,22512.85,22519.85,22470.1,22482.25,0
2024-05-18 11:30:00,22499.05,22510.6,22487.4,22506.75,0
2024-05-18 12:15:00,22507.0,22511.8,22496.5,22506.8,0
2024-05-21 09:15:00,22404.55,22509.05,22404.55,22465.7,0
2024-05-21 10:15:00,22465.75,22507.75,22454.1,22503.85,0
2024-05-21 11:15:00,22503.8,22547.8,22498.35,22546.3,0
2024-05-21 12:15:00,22546.45,22591.1,22524.75,22573.75,0
2024-05-21 13:15:00,22573.05,22578.5,22531.75,22535.5,0
2024-05-21 14:15:00,22535.65,22551.85,22506.15,22525.35,0
2024-05-21 15:15:00,22526.15,22530.15,22498.25,22507.55,0
2024-05-22 09:15:00,22576.6,22577.4,22483.15,22558.4,0
2024-05-22 10:15:00,22558.6,22575.55,22527.45,22546.3,0
2024-05-22 11:15:00,22546.5,22568.2,22530.4,22564.25,0
2024-05-22 12:15:00,22564.2,22586.4,22549.55,22565.1,0
2024-05-22 13:15:00,22564.3,22608.15,22559.05,22576.8,0
2024-05-22 14:15:00,22575.25,22616.3,22536.55,22597.9,0
2024-05-22 15:15:00,22597.65,22629.5,22594.6,22620.5,0
2024-05-22 09:15:00,22576.6,22577.4,22483.15,22558.4,0
2024-05-22 10:15:00,22558.6,22575.55,22527.45,22546.3,0
2024-05-22 11:15:00,22546.5,22568.2,22530.4,22564.25,0
2024-05-22 12:15:00,22564.2,22586.4,22549.55,22565.1,0
2024-05-22 13:15:00,22564.3,22608.15,22559.05,22576.8,0
2024-05-22 14:15:00,22575.25,22616.3,22536.55,22597.9,0
2024-05-22 15:15:00,22597.65,22629.5,22594.6,22620.5,0
2024-05-23 09:15:00,22614.1,22689.35,22577.45,22674.5,0
2024-05-23 10:15:00,22674.0,22722.15,22642.45,22696.8,0
2024-05-23 11:15:00,22696.75,22768.65,22696.45,22758.85,0
2024-05-23 12:15:00,22758.0,22852.0,22756.5,22830.35,0
2024-05-23 13:15:00,22830.45,22915.1,22795.85,22914.9,0
2024-05-23 14:15:00,22913.2,22989.0,22891.85,22978.65,0
2024-05-23 15:15:00,22978.55,22993.6,22947.55,22951.0,0
2024-05-24 09:15:00,22930.75,23004.05,22908.0,22919.7,0
2024-05-24 10:15:00,22919.45,22984.2,22916.8,22959.55,0
2024-05-24 11:15:00,22959.6,22983.6,22954.3,22969.4,0
2024-05-24 12:15:00,22970.05,23019.65,22957.5,22991.25,0
2024-05-24 13:15:00,22990.65,23019.05,22984.9,23005.85,0
2024-05-24 14:15:00,23005.5,23026.4,22927.8,22958.35,0
2024-05-24 15:15:00,22959.5,22970.15,22943.25,22952.0,0
2024-05-24 09:15:00,22930.75,23004.05,22908.0,22919.7,0
2024-05-24 10:15:00,22919.45,22984.2,22916.8,22959.55,0
2024-05-24 11:15:00,22959.6,22983.6,22954.3,22969.4,0
2024-05-24 12:15:00,22970.05,23019.65,22957.5,22991.25,0
2024-05-24 13:15:00,22990.65,23019.05,22984.9,23005.85,0
2024-05-24 14:15:00,23005.5,23026.4,22927.8,22958.35,0
2024-05-24 15:15:00,22959.5,22970.15,22943.25,22952.0,0
2024-05-27 09:15:00,23038.95,23043.2,22932.0,22950.9,0
2024-05-27 10:15:00,22950.35,23006.65,22941.8,22988.8,0
2024-05-27 11:15:00,22988.9,23075.65,22985.8,23067.9,0
2024-05-27 12:15:00,23068.0,23110.8,23063.4,23074.85,0
2024-05-27 13:15:00,23075.15,23091.85,23047.5,23068.25,0
2024-05-27 14:15:00,23068.65,23071.95,22871.2,22938.75,0
2024-05-27 15:15:00,22939.1,22960.15,22924.15,22931.05,0
2024-05-28 09:15:00,22977.15,22992.4,22926.35,22957.65,0
2024-05-28 10:15:00,22957.1,22998.55,22955.6,22968.75,0
2024-05-28 11:15:00,22968.7,22975.1,22932.65,22939.25,0
2024-05-28 12:15:00,22939.35,22959.3,22889.1,22945.25,0
2024-05-28 13:15:00,22944.15,22973.4,22910.65,22926.25,0
2024-05-28 14:15:00,22926.7,22937.8,22887.25,22893.0,0
2024-05-28 15:15:00,22893.45,22895.9,22858.5,22868.65,0
2024-05-29 09:15:00,22762.75,22825.5,22749.9,22757.65,0
2024-05-29 10:15:00,22757.8,22768.75,22719.45,22725.25,0
2024-05-29 11:15:00,22725.55,22747.7,22705.6,22745.2,0
2024-05-29 12:15:00,22744.0,22802.4,22725.9,22764.8,0
2024-05-29 13:15:00,22765.0,22792.5,22724.3,22752.35,0
2024-05-29 14:15:00,22753.6,22760.9,22685.45,22711.3,0
2024-05-29 15:15:00,22710.8,22713.15,22693.35,22707.55,0
2024-05-30 09:15:00,22617.45,22705.75,22554.0,22558.5,0
2024-05-30 10:15:00,22558.3,22617.85,22555.3,22563.8,0
2024-05-30 11:15:00,22563.65,22586.9,22540.9,22567.45,0
2024-05-30 12:15:00,22567.1,22602.25,22551.25,22576.4,0
2024-05-30 13:15:00,22576.05,22579.0,22518.55,22522.6,0
2024-05-30 14:15:00,22523.05,22538.45,22417.0,22478.05,0
2024-05-30 15:15:00,22477.9,22560.9,22477.0,22557.1,0
2024-05-31 09:15:00,22568.1,22653.75,22533.7,22535.2,0
2024-05-31 10:15:00,22533.35,22587.3,22495.85,22530.6,0
2024-05-31 11:15:00,22529.75,22560.55,22500.55,22513.05,0
2024-05-31 12:15:00,22512.15,22550.5,22504.1,22535.35,0
2024-05-31 13:15:00,22535.05,22631.4,22531.65,22605.6,0
2024-05-31 14:15:00,22607.8,22609.2,22465.1,22523.55,0
2024-05-31 15:15:00,22523.6,22579.45,22513.85,22550.45,0
2024-06-03 09:15:00,23337.9,23338.7,23062.3,23197.1,0
2024-06-03 10:15:00,23197.5,23207.5,23134.45,23175.3,0
2024-06-03 11:15:00,23173.9,23248.45,23169.45,23221.65,0
2024-06-03 12:15:00,23221.6,23244.0,23198.6,23228.1,0
2024-06-03 13:15:00,23227.25,23260.55,23161.0,23240.95,0
2024-06-03 14:15:00,23239.95,23267.05,23212.3,23264.7,0
2024-06-03 15:15:00,23265.1,23308.25,23264.9,23305.95,0
2024-06-04 09:15:00,23179.5,23179.5,22389.85,22833.9,0
2024-06-04 10:15:00,22832.5,22832.5,22000.6,22095.1,0
2024-06-04 11:15:00,22097.0,22293.25,21481.8,21591.9,0
2024-06-04 12:15:00,21591.25,22005.55,21281.45,21944.75,0
2024-06-04 13:15:00,21944.45,22271.7,21881.5,22061.05,0
2024-06-04 14:15:00,22061.8,22090.05,21725.3,21949.7,0
2024-06-04 15:15:00,21948.6,22068.55,21871.45,21996.45,0
2024-06-05 09:15:00,22128.35,22131.6,21791.95,22063.3,0
2024-06-05 10:15:00,22061.8,22355.4,21943.95,22351.65,0
2024-06-05 11:15:00,22350.85,22445.0,22213.15,22311.6,0
2024-06-05 12:15:00,22311.95,22420.55,22241.25,22377.65,0
2024-06-05 13:15:00,22377.6,22560.65,22354.0,22475.15,0
2024-06-05 14:15:00,22476.15,22670.4,22430.05,22635.85,0
2024-06-05 15:15:00,22635.65,22639.55,22554.65,22573.0,0
2024-06-05 09:15:00,22128.35,22131.6,21791.95,22063.3,0
2024-06-05 10:15:00,22061.8,22355.4,21943.95,22351.65,0
2024-06-05 11:15:00,22350.85,22445.0,22213.15,22311.6,0
2024-06-05 12:15:00,22311.95,22420.55,22241.25,22377.65,0
2024-06-05 13:15:00,22377.6,22560.65,22354.0,22475.15,0
2024-06-05 14:15:00,22476.15,22670.4,22430.05,22635.85,0
2024-06-05 15:15:00,22635.65,22639.55,22554.65,22573.0,0
2024-06-06 09:15:00,22798.6,22799.5,22642.6,22786.85,0
2024-06-06 10:15:00,22787.9,22910.15,22785.25,22896.85,0
2024-06-06 11:15:00,22897.2,22904.85,22675.8,22720.75,0
2024-06-06 12:15:00,22720.7,22805.45,22645.15,22699.3,0
2024-06-06 13:15:00,22699.9,22848.35,22694.95,22781.4,0
2024-06-06 14:15:00,22781.05,22826.3,22669.5,22825.15,0
2024-06-06 15:15:00,22824.8,22865.45,22804.35,22849.05,0
2024-06-06 09:15:00,22798.6,22799.5,22642.6,22786.85,0
2024-06-06 10:15:00,22787.9,22910.15,22785.25,22896.85,0
2024-06-06 11:15:00,22897.2,22904.85,22675.8,22720.75,0
2024-06-06 12:15:00,22720.7,22805.45,22645.15,22699.3,0
2024-06-06 13:15:00,22699.9,22848.35,22694.95,22781.4,0
2024-06-06 14:15:00,22781.05,22826.3,22669.5,22825.15,0
2024-06-06 15:15:00,22824.8,22865.45,22804.35,22849.05,0
2024-06-07 09:15:00,22821.85,23004.85,22789.05,22980.25,0
2024-06-07 10:15:00,22980.0,23082.9,22916.6,23075.85,0
2024-06-07 11:15:00,23075.3,23230.15,23037.9,23189.75,0
2024-06-07 12:15:00,23189.5,23250.0,23135.85,23208.25,0
2024-06-07 13:15:00,23207.4,23254.55,23151.85,23243.7,0
2024-06-07 14:15:00,23244.15,23320.2,23225.1,23287.75,0
2024-06-07 15:15:00,23287.65,23301.65,23262.8,23270.05,0
2024-06-07 09:15:00,22821.85,23004.85,22789.05,22980.25,0
2024-06-07 10:15:00,22980.0,23082.9,22916.6,23075.85,0
2024-06-07 11:15:00,23075.3,23230.15,23037.9,23189.75,0
2024-06-07 12:15:00,23189.5,23250.0,23135.85,23208.25,0
2024-06-07 13:15:00,23207.4,23254.55,23151.85,23243.7,0
2024-06-07 14:15:00,23244.15,23320.2,23225.1,23287.75,0
2024-06-07 15:15:00,23287.65,23301.65,23262.8,23270.05,0
2024-06-10 09:15:00,23319.15,23411.9,23233.05,23315.25,0
2024-06-10 10:15:00,23315.0,23362.85,23303.0,23337.6,0
2024-06-10 11:15:00,23337.55,23370.85,23297.5,23308.15,0
2024-06-10 12:15:00,23307.95,23348.05,23304.9,23333.4,0
2024-06-10 13:15:00,23332.55,23377.35,23324.15,23363.25,0
2024-06-10 14:15:00,23363.0,23365.0,23228.45,23262.15,0
2024-06-10 15:15:00,23261.6,23264.25,23227.15,23234.45,0
2024-06-11 09:15:00,23283.75,23325.15,23206.65,23312.55,0
2024-06-11 10:15:00,23311.8,23348.0,23297.9,23328.5,0
2024-06-11 11:15:00,23329.3,23336.8,23303.7,23331.1,0
2024-06-11 12:15:00,23330.75,23361.5,23311.05,23331.85,0
2024-06-11 13:15:00,23333.55,23389.45,23317.75,23330.2,0
2024-06-11 14:15:00,23330.45,23351.85,23260.35,23264.15,0
2024-06-11 15:15:00,23264.85,23268.45,23232.0,23261.8,0
2024-06-12 09:15:00,23344.45,23420.35,23295.95,23408.65,0
2024-06-12 10:15:00,23410.55,23441.95,23383.75,23412.8,0
2024-06-12 11:15:00,23411.9,23436.85,23365.0,23413.25,0
2024-06-12 12:15:00,23413.5,23423.8,23384.05,23411.7,0
2024-06-12 13:15:00,23411.55,23420.8,23336.95,23352.75,0
2024-06-12 14:15:00,23352.1,23394.15,23315.6,23325.25,0
2024-06-12 15:15:00,23326.0,23329.8,23297.75,23308.4,0
2024-06-12 09:15:00,23344.45,23420.35,23295.95,23408.65,0
2024-06-12 10:15:00,23410.55,23441.95,23383.75,23412.8,0
2024-06-12 11:15:00,23411.9,23436.85,23365.0,23413.25,0
2024-06-12 12:15:00,23413.5,23423.8,23384.05,23411.7,0
2024-06-12 13:15:00,23411.55,23420.8,23336.95,23352.75,0
2024-06-12 14:15:00,23352.1,23394.15,23315.6,23325.25,0
2024-06-12 15:15:00,23326.0,23329.8,23297.75,23308.4,0
2024-06-13 09:15:00,23480.95,23481.05,23364.05,23408.7,0
2024-06-13 10:15:00,23408.15,23411.55,23366.05,23367.8,0
2024-06-13 11:15:00,23366.8,23414.25,23353.9,23391.85,0
2024-06-13 12:15:00,23391.3,23421.1,23380.9,23411.3,0
2024-06-13 13:15:00,23410.45,23417.85,23384.1,23393.75,0
2024-06-13 14:15:00,23394.1,23407.8,23366.25,23399.0,0
2024-06-13 15:15:00,23398.15,23411.2,23396.75,23399.35,0
2024-06-14 09:15:00,23464.95,23469.45,23334.25,23437.85,0
2024-06-14 10:15:00,23437.45,23459.45,23424.9,23448.9,0
2024-06-14 11:15:00,23448.35,23452.5,23428.0,23439.1,0
2024-06-14 12:15:00,23439.55,23462.7,23429.55,23459.15,0
2024-06-14 13:15:00,23459.35,23463.55,23424.15,23446.35,0
2024-06-14 14:15:00,23446.15,23490.4,23442.1,23471.9,0
2024-06-14 15:15:00,23472.4,23473.35,23444.6,23454.15,0